,type,capacity_gwh_us
0,open,33135458.73833073
1,limited,19565432.788685437
